trade_id,timestamp_utc,event,market,side,strike,price,outcome_price,size,model_probability,ev_per_contract,ev_dollars,edge_pct,realized_pnl,spot_price,last_candle_close,spot_candle_gap_pct,annual_vol,horizon_hours,settlement_time_utc,settlement_mode,notes
T1766694539,2025-12-25T20:28:59.102885+00:00,OPEN,btc-hourly-12-25-4pm,YES,87750,0.6463333333,,30,0.724021,0.0777,2.33,0.1202,,87839.22,87811.76,0.0313,0.2179,0.539,2025-12-25T21:00:00+00:00,hourly,
T1766694539,2025-12-25T21:27:48.025248+00:00,CLOSE,btc-hourly-12-25-4pm,YES,87750,0.6463333333,1,30,0.724021,0.0777,2.33,0.1202,10.61,87839.22,87811.76,0.0313,0.2179,0.539,2025-12-25T21:00:00+00:00,hourly,| PnL: +10.61
T1766698521,2025-12-25T21:35:21.954826+00:00,OPEN,btc-hourly-12-25-5pm,NO,87750,0.1066666667,,18,0.150338,0.0437,0.79,0.4094,,87893.29,87887.35,0.0068,0.2224,0.44,2025-12-25T22:00:00+00:00,hourly,no on 87.5k 5pm market
T1766698521,2025-12-25T22:00:40.178227+00:00,CLOSE,btc-hourly-12-25-5pm,NO,87750,0.1066666667,0,18,0.150338,0.0437,0.79,0.4094,-1.92,87893.29,87887.35,0.0068,0.2224,0.44,2025-12-25T22:00:00+00:00,hourly,| PnL: -1.92
T1766700297,2025-12-25T22:04:57.112302+00:00,OPEN,btc-hourly-12-25-6pm,YES,88000,0.2011111111,,9,0.239871,0.0388,0.35,0.1927,,87858.09,87863.31,0.0059,0.222,0.928,2025-12-25T23:00:00+00:00,hourly,
T1766700297,2025-12-26T12:51:29.218406+00:00,CLOSE,btc-hourly-12-25-6pm,YES,88000,0.2011111111,0,9,0.239871,0.0388,0.35,0.1927,-1.81,87858.09,87863.31,0.0059,0.222,0.928,2025-12-25T23:00:00+00:00,hourly,| PnL: -1.81
T1766754663,2025-12-26T13:11:03.176458+00:00,OPEN,btc-hourly-12-26-9am,YES,89000,0.118125,,16,0.15408,0.036,0.58,0.3044,,88692.01,88678.4,0.0154,0.349,0.833,2025-12-26T14:00:00+00:00,hourly,yes 9am 89k
T1766754663,2025-12-26T15:25:04.570295+00:00,CLOSE,btc-hourly-12-26-9am,YES,89000,0.118125,0,16,0.15408,0.036,0.58,0.3044,-1.89,88692.01,88678.4,0.0154,0.349,0.833,2025-12-26T14:00:00+00:00,hourly,| PnL: -1.89
T1766762960,2025-12-26T15:29:20.871395+00:00,OPEN,btc-hourly-12-26-11am,NO,87000,0.6857142857,,7,0.744972,0.0593,0.41,0.0864,,86822.65,86799.98,0.0261,0.3967,0.534,2025-12-26T16:00:00+00:00,hourly,no on 87k
T1766763242,2025-12-26T15:34:02.159906+00:00,OPEN,btc-hourly-12-26-11am,YES,87000,0.4977777778,,9,0.571061,0.0733,0.66,0.1472,,87044.12,86995.98,0.0553,0.3945,0.452,2025-12-26T16:00:00+00:00,hourly,over 87k
T1766763875,2025-12-26T15:44:35.666877+00:00,OPEN,btc-hourly-12-26-11am,NO,87000,0.6857142857,,14,0.838615,0.1529,2.14,0.223,,86811.88,86904,0.106,0.3941,0.27,2025-12-26T16:00:00+00:00,hourly,
T1766764096,2025-12-26T15:48:16.250070+00:00,OPEN,btc-hourly-12-26-11am,YES,87000,0.6855,,20,0.801374,0.1159,2.32,0.169,,87142.36,86904,0.2743,0.3941,0.211,2025-12-26T16:00:00+00:00,hourly,
T1766764246,2025-12-26T15:50:46.138433+00:00,OPEN,btc-hourly-12-26-11am,YES,87000,0.58625,,8,0.73129,0.145,1.16,0.2474,,87091.99,86904,0.2163,0.3941,0.166,2025-12-26T16:00:00+00:00,hourly,
T1766762960,2025-12-26T16:01:20.890396+00:00,CLOSE,btc-hourly-12-26-11am,NO,87000,0.6857142857,0,7,0.744972,0.0593,0.41,0.0864,-4.8,86822.65,86799.98,0.0261,0.3967,0.534,2025-12-26T16:00:00+00:00,hourly,| PnL: -4.80
T1766763242,2025-12-26T16:01:42.977351+00:00,CLOSE,btc-hourly-12-26-11am,YES,87000,0.4977777778,1,9,0.571061,0.0733,0.66,0.1472,4.52,87044.12,86995.98,0.0553,0.3945,0.452,2025-12-26T16:00:00+00:00,hourly,| PnL: +4.52
T1766763875,2025-12-26T16:02:05.046010+00:00,CLOSE,btc-hourly-12-26-11am,NO,87000,0.6857142857,0,14,0.838615,0.1529,2.14,0.223,-9.6,86811.88,86904,0.106,0.3941,0.27,2025-12-26T16:00:00+00:00,hourly,| PnL: -9.60
T1766764096,2025-12-26T16:02:29.306190+00:00,CLOSE,btc-hourly-12-26-11am,YES,87000,0.6855,1,20,0.801374,0.1159,2.32,0.169,6.29,87142.36,86904,0.2743,0.3941,0.211,2025-12-26T16:00:00+00:00,hourly,| PnL: +6.29
T1766764246,2025-12-26T16:03:25.236852+00:00,CLOSE,btc-hourly-12-26-11am,YES,87000,0.58625,1,8,0.73129,0.145,1.16,0.2474,3.31,87091.99,86904,0.2163,0.3941,0.166,2025-12-26T16:00:00+00:00,hourly,| PnL: +3.31
T1766766177,2025-12-26T16:22:57.672939+00:00,OPEN,btc-hourly-12-26-12pm,YES,87500,0.1385714286,,7,0.172033,0.0335,0.23,0.2415,,87224.01,87065.61,0.1819,0.3941,0.629,2025-12-26T17:00:00+00:00,hourly,
T1766766177,2025-12-26T17:49:55.559993+00:00,CLOSE,btc-hourly-12-26-12pm,YES,87500,0.1385714286,0,7,0.172033,0.0335,0.23,0.2415,-0.97,87224.01,87065.61,0.1819,0.3941,0.629,2025-12-26T17:00:00+00:00,hourly,| PnL: -0.97T1766909875
T1766884532,2025-12-28T08:17:55.122113+00:00,OPEN,btc-daily-12-28,NO,88000,0.6578947368,,152,0.700391,0.0425,6.46,0.0646,,87735.76,87735.76,0,0.1446,13.736,2025-12-28T22:00:00+00:00,daily_5pm,3am-5pm PAPER
T1766910593,2025-12-28T08:29:53.724169+00:00,OPEN,btc-daily-12-28,NO,88500,0.8547008547,,117,0.943145,0.0884,10.35,0.1035,,87708.12,87706.23,0.0022,0.1445,13.553,2025-12-28T22:00:00+00:00,daily_5pm,330am-5pm PAPER
T1766913110,2025-12-28T09:11:50.587637+00:00,OPEN,btc-daily-12-28,NO,88000.0,0.6361783439490446,,157,0.683426,0.0472,7.42,0.0743,,87765.05,87755.5,0.0109,0.1462,12.862,2025-12-28T22:00:00+00:00,daily_5pm,411am-5pm PAPER
T1766913516,2025-12-28T09:18:36.858398+00:00,OPEN,btc-daily-12-28,NO,88500.0,0.8208264462809917,,121,0.925441,0.1046,12.66,0.1274,,87792.52,87800.67,0.0093,0.1461,12.718,2025-12-28T22:00:00+00:00,daily_5pm,418am-5pm PAPER
T1766884532,2025-12-29T05:55:50.698263+00:00,CLOSE,btc-daily-12-28,NO,88000,0.657895,1.000000,152,0.700391,0.0425,6.46,0.0646,52.00,87735.76,87735.76,0,0.1446,13.736,2025-12-28T22:00:00+00:00,daily_5pm,close_type=WIN | PnL: +52.00
T1766910593,2025-12-29T05:56:11.108215+00:00,CLOSE,btc-daily-12-28,NO,88500,0.854701,1.000000,117,0.943145,0.0884,10.35,0.1035,17.00,87708.12,87706.23,0.0022,0.1445,13.553,2025-12-28T22:00:00+00:00,daily_5pm,close_type=WIN | PnL: +17.00
T1766913110,2025-12-29T05:56:26.148715+00:00,CLOSE,btc-daily-12-28,NO,88000.0,0.636178,1.000000,157,0.683426,0.0472,7.42,0.0743,57.12,87765.05,87755.5,0.0109,0.1462,12.862,2025-12-28T22:00:00+00:00,daily_5pm,close_type=WIN | PnL: +57.12
T1766913516,2025-12-29T05:56:44.519329+00:00,CLOSE,btc-daily-12-28,NO,88500.0,0.820826,1.000000,121,0.925441,0.1046,12.66,0.1274,21.68,87792.52,87800.67,0.0093,0.1461,12.718,2025-12-28T22:00:00+00:00,daily_5pm,close_type=WIN | PnL: +21.68
T1766988129,2025-12-29T06:02:09.598978+00:00,OPEN,btc-daily-12-29,NO,90500.0,0.6757142857142857,,147,0.725136,0.0494,7.27,0.0731,,89907.2,89893.47,0.0153,0.2572,15.992,2025-12-29T22:00:00+00:00,daily_5pm,
T1766988129,2025-12-29T22:04:46.438169+00:00,CLOSE,btc-daily-12-29,NO,90500.0,0.675714,1.000000,147,0.725136,0.0494,7.27,0.0731,47.67,89907.2,89893.47,0.0153,0.2572,15.992,2025-12-29T22:00:00+00:00,daily_5pm,PAPER | close_type=WIN | PnL: +47.67
T1767046244,2025-12-29T22:10:44.745810+00:00,OPEN,btc-hourly-12-29-6pm,NO,87000.0,0.36593406593406597,,273,0.386964,0.021,5.74,0.0575,,87099.15,87096.93,0.0026,0.4012,0.856,2025-12-29T23:00:00+00:00,hourly,PAPER
T1767049116,2025-12-29T22:58:36.206658+00:00,OPEN,btc-hourly-12-28-6pm,NO,87250.0,0.10638297872340426,,94,0.361574,0.2552,23.99,2.3988,,87273.98,87246.85,0.0311,0.4014,0.033,2025-12-29T23:00:00+00:00,hourly,PAPER
T1767049116,2025-12-29T23:01:01.210133+00:00,CLOSE,btc-hourly-12-28-6pm,NO,87250.0,0.106383,1.000000,94,0.361574,0.2552,23.99,2.3988,84.00,87273.98,87246.85,0.0311,0.4014,0.033,2025-12-29T23:00:00+00:00,hourly,close_type=WIN | PnL: +84.00
T1767046244,2025-12-30T13:10:08.834330+00:00,CLOSE,btc-hourly-12-29-6pm,NO,87000.0,0.365934,1.000000,273,0.386964,0.021,5.74,0.0575,173.10,87099.15,87096.93,0.0026,0.4012,0.856,2025-12-29T23:00:00+00:00,hourly,paper | close_type=WIN | PnL: +173.10
T1767328551,2026-01-02T04:35:51.269455+00:00,OPEN,btc-hourly-1/1/26,NO,88750.0,0.65,,15,0.704202,0.0542,0.81,0.0834,,88686.79,88691.62,0.0055,0.1922,0.418,2026-01-02T05:00:00+00:00,hourly,
T1767328551,2026-01-02T05:03:20.395751+00:00,CLOSE,btc-hourly-1/1/26,NO,88750.0,0.650000,1.000000,15,0.704202,0.0542,0.81,0.0834,5.25,88686.79,88691.62,0.0055,0.1922,0.418,2026-01-02T05:00:00+00:00,hourly,close_type=WIN | PnL: +5.25
T1767330731,2026-01-02T05:12:11.880325+00:00,OPEN,btc-daily,YES,87750.0,0.7150000000000001,,20,0.868479,0.1535,3.07,0.2147,,88583.99,88563.85,0.0227,0.1929,16.833,2026-01-02T22:00:00+00:00,daily_5pm,
T1767330945,2026-01-02T05:15:45.274266+00:00,OPEN,btc-daily,NO,89250.0,0.6952380952380952,,210,0.807492,0.1123,23.57,0.1615,,88598.01,88563.85,0.0386,0.1929,16.788,2026-01-02T22:00:00+00:00,daily_5pm,PAPER
T1767379121,2026-01-02T18:38:41.371335+00:00,OPEN,btc-hourly,NO,90250.0,0.792063492063492,,126,0.868731,0.0767,9.66,0.0968,,89986.35,90078.0,0.1017,0.401,0.372,2026-01-02T19:00:00+00:00,hourly,PAPER
T1767379121,2026-01-02T19:01:25.304286+00:00,CLOSE,btc-hourly,NO,90250.0,0.792063,1.000000,126,0.868731,0.0767,9.66,0.0968,26.20,89986.35,90078.0,0.1017,0.401,0.372,2026-01-02T19:00:00+00:00,hourly,close_type=WIN | PnL: +26.20
T1767383252,2026-01-02T19:47:32.686531+00:00,OPEN,btc-hourly,NO,89750.0,0.042692307692307696,,234,0.101163,0.0585,13.68,1.3696,,89989.43,89995.99,0.0073,0.4135,0.224,2026-01-02T20:00:00+00:00,hourly,
T1767383252,2026-01-02T20:18:58.832814+00:00,CLOSE,btc-hourly,NO,89750.0,0.042692,0.000000,234,0.101163,0.0585,13.68,1.3696,-9.99,89989.43,89995.99,0.0073,0.4135,0.224,2026-01-02T20:00:00+00:00,hourly,PAPER | close_type=LOSS | PnL: -9.99
T1767330731,2026-01-02T22:49:46.123228+00:00,CLOSE,btc-daily,YES,87750.0,0.715000,1.000000,20,0.868479,0.1535,3.07,0.2147,5.70,88583.99,88563.85,0.0227,0.1929,16.833,2026-01-02T22:00:00+00:00,daily_5pm,close_type=WIN | PnL: +5.70
T1767330945,2026-01-02T22:50:11.117956+00:00,CLOSE,btc-daily,NO,89250.0,0.695238,0.000000,210,0.807492,0.1123,23.57,0.1615,-146.00,88598.01,88563.85,0.0386,0.1929,16.788,2026-01-02T22:00:00+00:00,daily_5pm,paper | close_type=LOSS | PnL: -146.00
T1767411774,2026-01-03T03:42:54.078882+00:00,OPEN,btc-hourly,YES,90250.0,0.2536842105263158,,38,0.415207,0.1615,6.14,0.6367,,90201.52,90201.52,0.0,0.4197,0.313,2026-01-03T04:00:00+00:00,hourly,
T1767411774,2026-01-03T03:51:33.706572+00:00,CLOSE,btc-hourly,YES,90250.0,0.253684,0.822600,38,0.415207,0.1615,6.14,0.6367,21.62,90201.52,90201.52,0.0,0.4197,0.313,2026-01-03T04:00:00+00:00,hourly,model 62% cashout 82% | close_type=CASHOUT | exit_price=0.822600 | PnL: +21.62
T1767412488,2026-01-03T03:54:48.201637+00:00,OPEN,btc-hourly,NO,90250.0,0.06944444444444445,,72,0.304361,0.2349,16.91,3.3828,,90316.01,90201.52,0.1269,0.4197,0.101,2026-01-03T04:00:00+00:00,hourly,
T1767412488,2026-01-03T04:05:17.708381+00:00,CLOSE,btc-hourly,NO,90250.0,0.069444,0.000000,72,0.304361,0.2349,16.91,3.3828,-5.00,90316.01,90201.52,0.1269,0.4197,0.101,2026-01-03T04:00:00+00:00,hourly,close_type=LOSS | PnL: -5.00
T1767413661,2026-01-03T04:14:21.735206+00:00,OPEN,btc-hourly-12am,NO,90000.0,0.07734375,,64,0.235822,0.1585,10.14,2.049,,90258.29,90268.0,0.0108,0.418,0.795,2026-01-03T05:00:00+00:00,hourly,
T1767413773,2026-01-03T04:16:13.261953+00:00,OPEN,btc-hourly-12am,YES,90500.0,0.06397435897435898,,78,0.215277,0.1513,11.8,2.3651,,90223.4,90268.0,0.0494,0.418,0.757,2026-01-03T05:00:00+00:00,hourly,
T1767415320,2026-01-03T04:42:00.362174+00:00,OPEN,btc-hourly-12am,YES,90250.0,0.11699999999999999,,40,0.282448,0.1654,6.62,1.4141,,90120.43,90120.64,0.0002,0.4172,0.314,2026-01-03T05:00:00+00:00,hourly,
T1767413661,2026-01-03T05:01:10.812463+00:00,CLOSE,btc-hourly-12am,NO,90000.0,0.077344,0.000000,64,0.235822,0.1585,10.14,2.049,-4.95,90258.29,90268.0,0.0108,0.418,0.795,2026-01-03T05:00:00+00:00,hourly,close_type=LOSS | PnL: -4.95
T1767413773,2026-01-03T05:01:40.545593+00:00,CLOSE,btc-hourly-12am,YES,90500.0,0.063974,0.000000,78,0.215277,0.1513,11.8,2.3651,-4.99,90223.4,90268.0,0.0494,0.418,0.757,2026-01-03T05:00:00+00:00,hourly,close_type=LOSS | PnL: -4.99
T1767415320,2026-01-03T05:01:53.267545+00:00,CLOSE,btc-hourly-12am,YES,90250.0,0.117000,0.000000,40,0.282448,0.1654,6.62,1.4141,-4.68,90120.43,90120.64,0.0002,0.4172,0.314,2026-01-03T05:00:00+00:00,hourly,close_type=LOSS | PnL: -4.68
T1767417207,2026-01-03T05:13:27.998922+00:00,OPEN,btc-daily,NO,89750.0,0.29411764705882354,,17,0.409119,0.115,1.96,0.391,,90128.04,90132.01,0.0044,0.4175,16.821,2026-01-03T22:00:00+00:00,daily_5pm,
T1767418076,2026-01-03T05:27:56.085884+00:00,OPEN,btc-daily,NO,89250.0,0.13805555555555554,,36,0.320782,0.1827,6.58,1.3236,,90005.99,90009.77,0.0042,0.4171,16.541,2026-01-03T22:00:00+00:00,daily_5pm,
T1767418604,2026-01-03T05:36:44.758901+00:00,OPEN,btc-daily,NO,88750.0,0.053513513513513515,,37,0.223707,0.1702,6.3,3.1804,,89977.24,90009.77,0.0361,0.4171,16.462,2026-01-03T22:00:00+00:00,daily_5pm,
T1767457506,2026-01-03T16:25:06.864987+00:00,OPEN,btc-hourly,NO,89750.0,0.14142857142857143,,14,0.229714,0.0883,1.24,0.6242,,89920.16,89964.02,0.0487,0.3123,0.589,2026-01-03T17:00:00+00:00,hourly,
T1767457973,2026-01-03T16:32:53.114348+00:00,OPEN,btc-hourly,NO,90000.0,0.385984555984556,,259,0.43657,0.0506,13.1,0.1311,,90032.62,89964.02,0.0763,0.3123,0.463,2026-01-03T17:00:00+00:00,hourly,
T1767458116,2026-01-03T16:35:16.735297+00:00,OPEN,btc-hourly-12pm,NO,90000.0,0.2813157894736842,,38,0.374681,0.0934,3.55,0.3319,,90062.31,89964.02,0.1093,0.3123,0.422,2026-01-03T17:00:00+00:00,hourly,
T1767457506,2026-01-03T17:05:25.979705+00:00,CLOSE,btc-hourly,NO,89750.0,0.141429,0.000000,14,0.229714,0.0883,1.24,0.6242,-1.98,89920.16,89964.02,0.0487,0.3123,0.589,2026-01-03T17:00:00+00:00,hourly,close_type=LOSS | PnL: -1.98
T1767457973,2026-01-03T17:05:46.335852+00:00,CLOSE,btc-hourly,NO,90000.0,0.385985,0.000000,259,0.43657,0.0506,13.1,0.1311,-99.97,90032.62,89964.02,0.0763,0.3123,0.463,2026-01-03T17:00:00+00:00,hourly,close_type=LOSS | PnL: -99.97
T1767458116,2026-01-03T17:06:09.772214+00:00,CLOSE,btc-hourly-12pm,NO,90000.0,0.281316,0.000000,38,0.374681,0.0934,3.55,0.3319,-10.69,90062.31,89964.02,0.1093,0.3123,0.422,2026-01-03T17:00:00+00:00,hourly,close_type=LOSS | PnL: -10.69
T1767460078,2026-01-03T17:07:58.714531+00:00,OPEN,btc-hourly-1pm,YES,90250.0,0.11011013215859031,,908,0.195982,0.0859,77.97,0.7799,,90031.71,90031.72,0.0,0.2821,0.881,2026-01-03T18:00:00+00:00,hourly,PAPER
T1767460121,2026-01-03T17:08:41.334403+00:00,OPEN,btc-hourly-1pm,NO,89750.0,0.09855029585798818,,1014,0.151123,0.0526,53.31,0.5335,,90009.8,90031.72,0.0243,0.2821,0.865,2026-01-03T18:00:00+00:00,hourly,PAPER
T1767475662,2026-01-03T21:27:42.902215+00:00,OPEN,btc-hourly-5pm,NO,90250.0,0.10630851063829788,,940,0.190396,0.0841,79.04,0.791,,90377.99,90426.0,0.0531,0.2032,0.555,2026-01-03T22:00:00+00:00,daily_5pm,paper
T1767476136,2026-01-03T21:35:36.150522+00:00,OPEN,btc-hourly-5pm,NO,90750.0,0.8936036036036036,,111,0.875039,-0.0186,-2.06,-0.0208,,90600.65,90592.01,0.0095,0.2068,0.42,2026-01-03T22:00:00+00:00,hourly,
T1767493234,2026-01-04T02:20:34.753806+00:00,OPEN,btc-hourly-10pm,NO,91250.0,0.7341176470588235,,136,0.785288,0.0512,6.96,0.0697,,91102.01,91102.01,0.0,0.2341,0.675,2026-01-04T03:00:00+00:00,hourly,paper
T1767493333,2026-01-04T02:22:13.857922+00:00,OPEN,btc-hourly-10pm,NO,91500.0,0.9405660377358491,,106,0.954993,0.0144,1.53,0.0153,,91187.7,91102.01,0.0941,0.2341,0.65,2026-01-04T03:00:00+00:00,hourly,paper
T1767503844,2026-01-04T05:17:24.803950+00:00,OPEN,btc-daily,NO,92250.0,0.7722480620155039,,129,0.833096,0.0608,7.85,0.0788,,91332.04,91356.01,0.0262,0.2368,16.733,2026-01-04T22:00:00+00:00,daily_5pm,paper
T1767503910,2026-01-04T05:18:30.943453+00:00,OPEN,btc-daily,NO,92750.0,0.8494017094017093,,117,0.926787,0.0774,9.05,0.0911,,91367.99,91356.01,0.0131,0.2368,16.699,2026-01-04T22:00:00+00:00,daily_5pm,paper
T1767503998,2026-01-04T05:19:58.973690+00:00,OPEN,btc-daily,YES,90250.0,0.8208264462809917,,121,0.88731,0.0665,8.04,0.081,,91387.4,91356.01,0.0344,0.2368,16.677,2026-01-04T22:00:00+00:00,daily_5pm,paper
T1767509697,2026-01-04T06:54:57.207602+00:00,OPEN,btc-daily,YES,90250.0,0.8208264462809917,,121,0.879173,0.0583,7.06,0.0711,,91316.07,91320.0,0.0043,0.2415,15.118,2026-01-04T22:00:00+00:00,daily_5pm,paper
T1767509888,2026-01-04T06:58:08.622248+00:00,OPEN,btc-daily,NO,92750.0,0.876140350877193,,114,0.950476,0.0743,8.47,0.0848,,91232.01,91320.0,0.0964,0.2415,15.042,2026-01-04T22:00:00+00:00,daily_5pm,paper
T1767509951,2026-01-04T06:59:11.513885+00:00,OPEN,btc-daily,NO,92250.0,0.8016129032258065,,124,0.862615,0.061,7.56,0.0761,,91247.99,91320.0,0.0789,0.2415,15.029,2026-01-04T22:00:00+00:00,daily_5pm,paper
T1767549967,2026-01-04T18:06:07.281301+00:00,OPEN,btc-hourly-2pm,YES,91500.0,0.09404896421845574,,531,0.162422,0.0684,36.31,0.727,,91276.99,91277.0,0.0,0.2426,0.915,2026-01-04T19:00:00+00:00,hourly,paper
T1767567013,2026-01-04T22:50:13.040068+00:00,OPEN,btc-hourly-6pm,YES,91250.0,0.19034351145038167,,262,0.279677,0.0893,23.41,0.4693,,91189.77,91208.02,0.02,0.2549,0.172,2026-01-04T23:00:00+00:00,hourly,paper
T1767576305,2026-01-05T01:25:05.879307+00:00,OPEN,btc-hourly-9pm,NO,93000.0,0.6562068965517242,,29,0.736131,0.0799,2.32,0.1218,,92870.19,92741.77,0.1385,0.2698,0.589,2026-01-05T02:00:00+00:00,hourly,
T1767460078,2026-01-05T02:32:50.057032+00:00,CLOSE,btc-hourly-1pm,YES,90250.0,0.110110,0.000000,908,0.195982,0.0859,77.97,0.7799,-99.98,90031.71,90031.72,0.0,0.2821,0.881,2026-01-03T18:00:00+00:00,hourly,close_type=LOSS | PnL: -99.98
T1767460121,2026-01-05T02:33:15.741291+00:00,CLOSE,btc-hourly-1pm,NO,89750.0,0.098550,0.000000,1014,0.151123,0.0526,53.31,0.5335,-99.93,90009.8,90031.72,0.0243,0.2821,0.865,2026-01-03T18:00:00+00:00,hourly,close_type=LOSS | PnL: -99.93
T1767475662,2026-01-05T02:34:37.568738+00:00,CLOSE,btc-hourly-5pm,NO,90250.0,0.106309,0.000000,940,0.190396,0.0841,79.04,0.791,-99.93,90377.99,90426.0,0.0531,0.2032,0.555,2026-01-03T22:00:00+00:00,daily_5pm,close_type=LOSS | PnL: -99.93
T1767476136,2026-01-05T02:35:49.908294+00:00,CLOSE,btc-hourly-5pm,NO,90750.0,0.893604,1.000000,111,0.875039,-0.0186,-2.06,-0.0208,11.81,90600.65,90592.01,0.0095,0.2068,0.42,2026-01-03T22:00:00+00:00,hourly,close_type=WIN | PnL: +11.81
T1767493234,2026-01-05T02:37:09.510389+00:00,CLOSE,btc-hourly-10pm,NO,91250.0,0.734118,1.000000,136,0.785288,0.0512,6.96,0.0697,36.16,91102.01,91102.01,0.0,0.2341,0.675,2026-01-04T03:00:00+00:00,hourly,close_type=WIN | PnL: +36.16
T1767493333,2026-01-05T02:38:02.512548+00:00,CLOSE,btc-hourly-10pm,NO,91500.0,0.940566,1.000000,106,0.954993,0.0144,1.53,0.0153,6.30,91187.7,91102.01,0.0941,0.2341,0.65,2026-01-04T03:00:00+00:00,hourly,close_type=WIN | PnL: +6.30
T1767503844,2026-01-05T02:38:29.240883+00:00,CLOSE,btc-daily,NO,92250.0,0.772248,1.000000,129,0.833096,0.0608,7.85,0.0788,29.38,91332.04,91356.01,0.0262,0.2368,16.733,2026-01-04T22:00:00+00:00,daily_5pm,close_type=WIN | PnL: +29.38
T1767503910,2026-01-05T02:38:55.873505+00:00,CLOSE,btc-daily,NO,92750.0,0.849402,1.000000,117,0.926787,0.0774,9.05,0.0911,17.62,91367.99,91356.01,0.0131,0.2368,16.699,2026-01-04T22:00:00+00:00,daily_5pm,close_type=WIN | PnL: +17.62
T1767503998,2026-01-05T02:39:09.689936+00:00,CLOSE,btc-daily,YES,90250.0,0.820826,1.000000,121,0.88731,0.0665,8.04,0.081,21.68,91387.4,91356.01,0.0344,0.2368,16.677,2026-01-04T22:00:00+00:00,daily_5pm,close_type=WIN | PnL: +21.68
T1767509697,2026-01-05T02:39:23.987632+00:00,CLOSE,btc-daily,YES,90250.0,0.820826,1.000000,121,0.879173,0.0583,7.06,0.0711,21.68,91316.07,91320.0,0.0043,0.2415,15.118,2026-01-04T22:00:00+00:00,daily_5pm,close_type=WIN | PnL: +21.68
T1767509888,2026-01-05T02:39:41.131530+00:00,CLOSE,btc-daily,NO,92750.0,0.876140,1.000000,114,0.950476,0.0743,8.47,0.0848,14.12,91232.01,91320.0,0.0964,0.2415,15.042,2026-01-04T22:00:00+00:00,daily_5pm,close_type=WIN | PnL: +14.12
T1767509951,2026-01-05T02:40:07.068500+00:00,CLOSE,btc-daily,NO,92250.0,0.801613,1.000000,124,0.862615,0.061,7.56,0.0761,24.60,91247.99,91320.0,0.0789,0.2415,15.029,2026-01-04T22:00:00+00:00,daily_5pm,close_type=WIN | PnL: +24.60
T1767417207,2026-01-05T02:46:01.304224+00:00,CLOSE,btc-daily,NO,89750.0,0.294118,0.000000,17,0.409119,0.115,1.96,0.391,-5.00,90128.04,90132.01,0.0044,0.4175,16.821,2026-01-03T22:00:00+00:00,daily_5pm,close_type=LOSS | PnL: -5.00
T1767418076,2026-01-05T02:46:32.168944+00:00,CLOSE,btc-daily,NO,89250.0,0.138056,0.000000,36,0.320782,0.1827,6.58,1.3236,-4.97,90005.99,90009.77,0.0042,0.4171,16.541,2026-01-03T22:00:00+00:00,daily_5pm,close_type=LOSS | PnL: -4.97
T1767418604,2026-01-05T02:47:01.258354+00:00,CLOSE,btc-daily,NO,88750.0,0.053514,0.000000,37,0.223707,0.1702,6.3,3.1804,-1.98,89977.24,90009.77,0.0361,0.4171,16.462,2026-01-03T22:00:00+00:00,daily_5pm,close_type=LOSS | PnL: -1.98
T1767549967,2026-01-05T02:48:56.910330+00:00,CLOSE,btc-hourly-2pm,YES,91500.0,0.094049,0.000000,531,0.162422,0.0684,36.31,0.727,-49.94,91276.99,91277.0,0.0,0.2426,0.915,2026-01-04T19:00:00+00:00,hourly,close_type=LOSS | PnL: -49.94
T1767567013,2026-01-05T02:49:47.255257+00:00,CLOSE,btc-hourly-6pm,YES,91250.0,0.190344,0.000000,262,0.279677,0.0893,23.41,0.4693,-49.87,91189.77,91208.02,0.02,0.2549,0.172,2026-01-04T23:00:00+00:00,hourly,close_type=LOSS | PnL: -49.87
T1767576305,2026-01-05T02:50:05.897058+00:00,CLOSE,btc-hourly-9pm,NO,93000.0,0.656207,1.000000,29,0.736131,0.0799,2.32,0.1218,9.97,92870.19,92741.77,0.1385,0.2698,0.589,2026-01-05T02:00:00+00:00,hourly,close_type=WIN | PnL: +9.97
T1767581746,2026-01-05T02:55:46.538455+00:00,OPEN,btc-hourly-10pm,YES,93000.0,0.39681818181818185,,22,0.594609,0.1978,4.35,0.4984,,93019.39,92933.78,0.0921,0.2857,0.081,2026-01-05T03:00:00+00:00,hourly,
T1767581746,2026-01-05T03:01:01.076702+00:00,CLOSE,btc-hourly-10pm,YES,93000.0,0.396818,0.207700,22,0.594609,0.1978,4.35,0.4984,-4.16,93019.39,92933.78,0.0921,0.2857,0.081,2026-01-05T03:00:00+00:00,hourly,close_type=CASHOUT | exit_price=0.207700 | PnL: -4.16
T1767582750,2026-01-05T03:12:30.355982+00:00,OPEN,btc-hourly-11pm,NO,93250.0,0.8496666666666666,,30,0.886798,0.0371,1.11,0.0437,,92939.49,92948.0,0.0092,0.2875,0.806,2026-01-05T04:00:00+00:00,hourly,
T1767586260,2026-01-05T04:11:00.523279+00:00,OPEN,btc-hourly-12am,YES,93000.0,0.18000000000000002,,27,0.246104,0.0661,1.78,0.3672,,92820.76,92803.97,0.0181,0.2885,0.831,2026-01-05T05:00:00+00:00,hourly,paper
T1767582750,2026-01-05T04:14:19.012781+00:00,CLOSE,btc-hourly-11pm,NO,93250.0,0.849667,1.000000,30,0.886798,0.0371,1.11,0.0437,4.51,92939.49,92948.0,0.0092,0.2875,0.806,2026-01-05T04:00:00+00:00,hourly,close_type=WIN | PnL: +4.51
T1767588228,2026-01-05T04:43:48.088278+00:00,OPEN,btc-hourly-12am,NO,92500.0,0.7246341463414634,,41,0.740191,0.0156,0.64,0.0215,,92402.9,92463.98,0.0661,0.2897,0.278,2026-01-05T05:00:00+00:00,hourly,
T1767588228,2026-01-05T05:22:43.238759+00:00,CLOSE,btc-hourly-12am,NO,92500.0,0.724634,0.000000,41,0.740191,0.0156,0.64,0.0215,-29.71,92402.9,92463.98,0.0661,0.2897,0.278,2026-01-05T05:00:00+00:00,hourly,close_type=LOSS | PnL: -29.71
T1767590681,2026-01-05T05:24:41.432176+00:00,OPEN,btc-daily,YES,91750.0,0.723768115942029,,138,0.774499,0.0507,7.0,0.0701,,92636.01,92636.03,0.0,0.2929,16.617,2026-01-05T22:00:00+00:00,daily_5pm,paper
T1767590806,2026-01-05T05:26:46.587022+00:00,OPEN,btc-daily,NO,94250.0,0.811219512195122,,123,0.90757,0.0964,11.85,0.1188,,92672.01,92636.03,0.0388,0.2929,16.574,2026-01-05T22:00:00+00:00,daily_5pm,paper
T1767592839,2026-01-05T06:00:39.162518+00:00,OPEN,btc-daily,YES,90750.0,0.811219512195122,,123,0.916164,0.1049,12.91,0.1294,,92340.01,92395.35,0.0599,0.2946,16.008,2026-01-05T22:00:00+00:00,daily_5pm,paper
T1767592974,2026-01-05T06:02:54.049301+00:00,OPEN,btc-daily,NO,93750.0,0.7817322834645669,,127,0.876312,0.0946,12.01,0.121,,92395.99,92395.35,0.0007,0.2946,15.977,2026-01-05T22:00:00+00:00,daily_5pm,paper
T1767593032,2026-01-05T06:03:52.749204+00:00,OPEN,btc-daily,NO,93250.0,0.7050354609929078,,141,0.770603,0.0656,9.25,0.093,,92386.01,92395.35,0.0101,0.2946,15.947,2026-01-05T22:00:00+00:00,daily_5pm,paper
T1767593173,2026-01-05T06:06:13.038914+00:00,OPEN,btc-daily,YES,91250.0,0.7534848484848484,,132,0.840662,0.0872,11.51,0.1157,,92399.99,92395.35,0.005,0.2946,15.933,2026-01-05T22:00:00+00:00,daily_5pm,paper
T1767626494,2026-01-05T15:21:34.109584+00:00,OPEN,btc-hourly-11am,YES,93250.0,0.7409090909090909,,66,0.882828,0.1419,9.37,0.1915,,93573.2,93550.34,0.0244,0.3366,0.655,2026-01-05T16:00:00+00:00,hourly,
T1767626494,2026-01-05T16:01:38.436585+00:00,CLOSE,btc-hourly-11am,YES,93250.0,0.740909,1.000000,66,0.882828,0.1419,9.37,0.1915,17.10,93573.2,93550.34,0.0244,0.3366,0.655,2026-01-05T16:00:00+00:00,hourly,close_type=WIN | PnL: +17.10
T1767631037,2026-01-05T16:37:17.203931+00:00,OPEN,btc-hourly-12pm,YES,93500.0,0.8685333333333334,,75,0.947568,0.079,5.93,0.091,,93863.0,93810.0,0.0565,0.3572,0.392,2026-01-05T17:00:00+00:00,hourly,
T1767631037,2026-01-05T17:01:38.054116+00:00,CLOSE,btc-hourly-12pm,YES,93500.0,0.868533,1.000000,75,0.947568,0.079,5.93,0.091,9.86,93863.0,93810.0,0.0565,0.3572,0.392,2026-01-05T17:00:00+00:00,hourly,close_type=WIN | PnL: +9.86
T1767641528,2026-01-05T19:32:08.423334+00:00,OPEN,btc-hourly-3pm,YES,94500.0,0.41695652173913045,,46,0.482726,0.0658,3.03,0.1577,,94488.57,94500.0,0.0121,0.3773,0.481,2026-01-05T20:00:00+00:00,hourly,
T1767641528,2026-01-05T23:43:16.116151+00:00,CLOSE,btc-hourly-3pm,YES,94500.0,0.416957,0.000000,46,0.482726,0.0658,3.03,0.1577,-19.18,94488.57,94500.0,0.0121,0.3773,0.481,2026-01-05T20:00:00+00:00,hourly,close_type=LOSS | PnL: -19.18
T1767590681,2026-01-05T23:43:49.941757+00:00,CLOSE,btc-daily,YES,91750.0,0.723768,1.000000,138,0.774499,0.0507,7.0,0.0701,38.12,92636.01,92636.03,0.0,0.2929,16.617,2026-01-05T22:00:00+00:00,daily_5pm,close_type=WIN | PnL: +38.12
T1767590806,2026-01-05T23:44:09.285436+00:00,CLOSE,btc-daily,NO,94250.0,0.811220,1.000000,123,0.90757,0.0964,11.85,0.1188,23.22,92672.01,92636.03,0.0388,0.2929,16.574,2026-01-05T22:00:00+00:00,daily_5pm,close_type=WIN | PnL: +23.22
T1767592839,2026-01-05T23:44:31.584500+00:00,CLOSE,btc-daily,YES,90750.0,0.811220,1.000000,123,0.916164,0.1049,12.91,0.1294,23.22,92340.01,92395.35,0.0599,0.2946,16.008,2026-01-05T22:00:00+00:00,daily_5pm,close_type=WIN | PnL: +23.22
T1767592974,2026-01-05T23:45:02.447112+00:00,CLOSE,btc-daily,NO,93750.0,0.781732,0.000000,127,0.876312,0.0946,12.01,0.121,-99.28,92395.99,92395.35,0.0007,0.2946,15.977,2026-01-05T22:00:00+00:00,daily_5pm,close_type=LOSS | PnL: -99.28
T1767593032,2026-01-05T23:45:26.177429+00:00,CLOSE,btc-daily,NO,93250.0,0.705035,0.000000,141,0.770603,0.0656,9.25,0.093,-99.41,92386.01,92395.35,0.0101,0.2946,15.947,2026-01-05T22:00:00+00:00,daily_5pm,close_type=LOSS | PnL: -99.41
T1767593173,2026-01-05T23:45:45.993839+00:00,CLOSE,btc-daily,YES,91250.0,0.753485,1.000000,132,0.840662,0.0872,11.51,0.1157,32.54,92399.99,92395.35,0.005,0.2946,15.933,2026-01-05T22:00:00+00:00,daily_5pm,close_type=WIN | PnL: +32.54
T1767586260,2026-01-05T23:46:29.354938+00:00,CLOSE,btc-hourly-12am,YES,93000.0,0.180000,0.000000,27,0.246104,0.0661,1.78,0.3672,-4.86,92820.76,92803.97,0.0181,0.2885,0.831,2026-01-05T05:00:00+00:00,hourly,close_type=LOSS | PnL: -4.86
T1767657807,2026-01-06T00:03:27.419608+00:00,OPEN,btc-hourly-8pm,YES,94000.0,0.43727272727272726,,22,0.45002,0.0127,0.28,0.0292,,93952.01,93855.69,0.1026,0.3902,0.951,2026-01-06T01:00:00+00:00,hourly,
T1767661562,2026-01-06T01:06:02.972642+00:00,OPEN,btc-hourly-9pm,NO,93500.0,0.10638297872340426,,47,0.149004,0.0426,2.0,0.4006,,93877.38,93855.63,0.0232,0.3782,0.918,2026-01-06T02:00:00+00:00,hourly,
T1767657807,2026-01-06T01:06:16.703343+00:00,CLOSE,btc-hourly-8pm,YES,94000.0,0.437273,0.000000,22,0.45002,0.0127,0.28,0.0292,-9.62,93952.01,93855.69,0.1026,0.3902,0.951,2026-01-06T01:00:00+00:00,hourly,close_type=LOSS | PnL: -9.62
T1767661562,2026-01-06T02:06:06.120295+00:00,CLOSE,btc-hourly-9pm,NO,93500.0,0.106383,0.000000,47,0.149004,0.0426,2.0,0.4006,-5.00,93877.38,93855.63,0.0232,0.3782,0.918,2026-01-06T02:00:00+00:00,hourly,close_type=LOSS | PnL: -5.00
T1767665883,2026-01-06T02:18:03.774951+00:00,OPEN,btc-hourly-10pm,NO,93500.0,0.13791724137931033,,725,0.212256,0.0743,53.9,0.539,,93742.2,93736.64,0.0059,0.3594,0.712,2026-01-06T03:00:00+00:00,hourly,PAPER
T1767672936,2026-01-06T04:15:36.533398+00:00,OPEN,btc-hourly-12am,NO,93750.0,0.1360958904109589,,146,0.28429,0.1482,21.64,1.0889,,93927.15,93927.14,0.0,0.3563,0.757,2026-01-06T05:00:00+00:00,hourly,
T1767673122,2026-01-06T04:18:42.810912+00:00,OPEN,btc-hourly-12am,NO,93750.0,0.15903225806451612,,31,0.240476,0.0814,2.52,0.5121,,93960.68,93994.02,0.0355,0.3563,0.701,2026-01-06T05:00:00+00:00,hourly,
T1767673473,2026-01-06T04:24:33.648596+00:00,OPEN,btc-hourly-12am,YES,94000.0,0.3147003154574133,,317,0.399772,0.0851,26.97,0.2703,,93929.8,93926.01,0.004,0.3561,0.598,2026-01-06T05:00:00+00:00,hourly,PAPER
T1767665883,2026-01-06T05:06:21.830632+00:00,CLOSE,btc-hourly-10pm,NO,93500.0,0.137917,0.000000,725,0.212256,0.0743,53.9,0.539,-99.99,93742.2,93736.64,0.0059,0.3594,0.712,2026-01-06T03:00:00+00:00,hourly,close_type=LOSS | PnL: -99.99
T1767672936,2026-01-06T05:07:04.452794+00:00,CLOSE,btc-hourly-12am,NO,93750.0,0.136096,0.000000,146,0.28429,0.1482,21.64,1.0889,-19.87,93927.15,93927.14,0.0,0.3563,0.757,2026-01-06T05:00:00+00:00,hourly,close_type=LOSS | PnL: -19.87
T1767673122,2026-01-06T05:07:21.069040+00:00,CLOSE,btc-hourly-12am,NO,93750.0,0.159032,0.000000,31,0.240476,0.0814,2.52,0.5121,-4.93,93960.68,93994.02,0.0355,0.3563,0.701,2026-01-06T05:00:00+00:00,hourly,close_type=LOSS | PnL: -4.93
T1767673473,2026-01-06T05:07:50.557065+00:00,CLOSE,btc-hourly-12am,YES,94000.0,0.314700,0.000000,317,0.399772,0.0851,26.97,0.2703,-99.76,93929.8,93926.01,0.004,0.3561,0.598,2026-01-06T05:00:00+00:00,hourly,close_type=LOSS | PnL: -99.76
T1767677286,2026-01-06T05:28:06.729183+00:00,OPEN,btc-daily,NO,94000.0,0.5876470588235294,,17,0.590311,0.0027,0.05,0.0045,,93672.43,93734.12,0.0658,0.3518,16.55,2026-01-06T22:00:00+00:00,daily_5pm,
T1767677421,2026-01-06T05:30:21.490751+00:00,OPEN,btc-daily,NO,94500.0,0.7057142857142857,,21,0.710553,0.0048,0.1,0.0069,,93702.3,93702.31,0.0,0.3519,16.512,2026-01-06T22:00:00+00:00,daily_5pm,
T1767677598,2026-01-06T05:33:18.128903+00:00,OPEN,btc-daily,NO,95500.0,0.8303846153846154,,26,0.890141,0.0598,1.55,0.072,,93728.01,93728.01,0.0,0.352,16.479,2026-01-06T22:00:00+00:00,daily_5pm,
T1767706861,2026-01-06T13:41:01.965283+00:00,OPEN,btc-hourly-9am,NO,93500.0,0.1694237288135593,,590,0.234835,0.0654,38.59,0.3861,,93643.6,93656.02,0.0133,0.3474,0.327,2026-01-06T14:00:00+00:00,hourly,
T1767707164,2026-01-06T13:46:04.943319+00:00,OPEN,btc-hourly-9am,YES,93750.0,0.23209302325581396,,43,0.298646,0.0666,2.86,0.2868,,93660.1,93668.03,0.0085,0.3465,0.241,2026-01-06T14:00:00+00:00,hourly,
T1767706861,2026-01-06T14:01:38.905327+00:00,CLOSE,btc-hourly-9am,NO,93500.0,0.169424,0.000000,590,0.234835,0.0654,38.59,0.3861,-99.96,93643.6,93656.02,0.0133,0.3474,0.327,2026-01-06T14:00:00+00:00,hourly,close_type=LOSS | PnL: -99.96
T1767707164,2026-01-06T14:01:51.905759+00:00,CLOSE,btc-hourly-9am,YES,93750.0,0.232093,0.000000,43,0.298646,0.0666,2.86,0.2868,-9.98,93660.1,93668.03,0.0085,0.3465,0.241,2026-01-06T14:00:00+00:00,hourly,close_type=LOSS | PnL: -9.98
T1767710245,2026-01-06T14:37:25.707359+00:00,OPEN,btc-hourly-10am,NO,94250.0,0.6266666666666667,,15,0.709354,0.0827,1.24,0.1319,,94128.0,94185.99,0.0616,0.352,0.39,2026-01-06T15:00:00+00:00,hourly,
T1767710407,2026-01-06T14:40:07.602425+00:00,OPEN,btc-hourly-10am,NO,94500.0,0.8119999999999999,,10,0.923539,0.1115,1.12,0.1374,,94205.61,94185.99,0.0208,0.352,0.337,2026-01-06T15:00:00+00:00,hourly,
T1767710245,2026-01-06T15:10:27.150344+00:00,CLOSE,btc-hourly-10am,NO,94250.0,0.626667,1.000000,15,0.709354,0.0827,1.24,0.1319,5.60,94128.0,94185.99,0.0616,0.352,0.39,2026-01-06T15:00:00+00:00,hourly,close_type=WIN | PnL: +5.60
T1767710407,2026-01-06T15:10:41.696684+00:00,CLOSE,btc-hourly-10am,NO,94500.0,0.812000,1.000000,10,0.923539,0.1115,1.12,0.1374,1.88,94205.61,94185.99,0.0208,0.352,0.337,2026-01-06T15:00:00+00:00,hourly,close_type=WIN | PnL: +1.88
T1767712381,2026-01-06T15:13:01.083155+00:00,OPEN,btc-hourly-11am,YES,93500.0,0.705,,14,0.804501,0.0995,1.39,0.1411,,93773.93,93718.57,0.0591,0.3586,0.793,2026-01-06T16:00:00+00:00,hourly,
T1767712453,2026-01-06T15:14:13.701279+00:00,OPEN,btc-hourly-11am,NO,94000.0,0.66,,15,0.819186,0.1592,2.39,0.2412,,93711.21,93718.57,0.0079,0.3586,0.775,2026-01-06T16:00:00+00:00,hourly,
T1767712381,2026-01-06T16:11:19.502010+00:00,CLOSE,btc-hourly-11am,YES,93500.0,0.705000,1.000000,14,0.804501,0.0995,1.39,0.1411,4.13,93773.93,93718.57,0.0591,0.3586,0.793,2026-01-06T16:00:00+00:00,hourly,close_type=WIN | PnL: +4.13
T1767712453,2026-01-06T16:11:30.756165+00:00,CLOSE,btc-hourly-11am,NO,94000.0,0.660000,1.000000,15,0.819186,0.1592,2.39,0.2412,5.10,93711.21,93718.57,0.0079,0.3586,0.775,2026-01-06T16:00:00+00:00,hourly,close_type=WIN | PnL: +5.10
T1767716281,2026-01-06T16:18:01.511220+00:00,OPEN,btc-hourly-12pm,NO,93750.0,0.84,,23,0.868658,0.0287,0.66,0.0341,,93407.33,93424.0,0.0178,0.3625,0.713,2026-01-06T17:00:00+00:00,hourly,
T1767717047,2026-01-06T16:30:47.608436+00:00,OPEN,btc-hourly-12pm,YES,92500.0,0.821,,30,0.888294,0.0673,2.02,0.082,,92805.99,92802.0,0.0043,0.3603,0.497,2026-01-06T17:00:00+00:00,hourly,
T1767717379,2026-01-06T16:36:19.978963+00:00,OPEN,btc-hourly-12pm,NO,93000.0,0.8686363636363637,,44,0.900606,0.032,1.41,0.0368,,92706.24,92829.39,0.1327,0.3605,0.409,2026-01-06T17:00:00+00:00,hourly,
T1767716281,2026-01-06T17:16:10.673561+00:00,CLOSE,btc-hourly-12pm,NO,93750.0,0.840000,1.000000,23,0.868658,0.0287,0.66,0.0341,3.68,93407.33,93424.0,0.0178,0.3625,0.713,2026-01-06T17:00:00+00:00,hourly,close_type=WIN | PnL: +3.68
T1767717047,2026-01-06T17:16:23.888802+00:00,CLOSE,btc-hourly-12pm,YES,92500.0,0.821000,1.000000,30,0.888294,0.0673,2.02,0.082,5.37,92805.99,92802.0,0.0043,0.3603,0.497,2026-01-06T17:00:00+00:00,hourly,close_type=WIN | PnL: +5.37
T1767717379,2026-01-06T17:16:31.961345+00:00,CLOSE,btc-hourly-12pm,NO,93000.0,0.868636,1.000000,44,0.900606,0.032,1.41,0.0368,5.78,92706.24,92829.39,0.1327,0.3605,0.409,2026-01-06T17:00:00+00:00,hourly,close_type=WIN | PnL: +5.78
T1767719875,2026-01-06T17:17:55.258184+00:00,OPEN,btc-hourly-1pm,NO,92750.0,0.7465384615384616,,26,0.765558,0.019,0.49,0.0255,,92527.95,92495.04,0.0356,0.367,0.713,2026-01-06T18:00:00+00:00,hourly,
T1767719918,2026-01-06T17:18:38.156116+00:00,OPEN,btc-hourly-1pm,YES,92500.0,0.46738095238095234,,42,0.521267,0.0539,2.26,0.1153,,92516.16,92495.04,0.0228,0.367,0.699,2026-01-06T18:00:00+00:00,hourly,
T1767719875,2026-01-06T18:18:15.130674+00:00,CLOSE,btc-hourly-1pm,NO,92750.0,0.746538,1.000000,26,0.765558,0.019,0.49,0.0255,6.59,92527.95,92495.04,0.0356,0.367,0.713,2026-01-06T18:00:00+00:00,hourly,close_type=WIN | PnL: +6.59
T1767719918,2026-01-06T18:18:32.528209+00:00,CLOSE,btc-hourly-1pm,YES,92500.0,0.467381,0.000000,42,0.521267,0.0539,2.26,0.1153,-19.63,92516.16,92495.04,0.0228,0.367,0.699,2026-01-06T18:00:00+00:00,hourly,close_type=LOSS | PnL: -19.63
T1767723631,2026-01-06T18:20:31.412243+00:00,OPEN,btc-hourly-2pm,YES,91500.0,0.7538461538461539,,26,0.858347,0.1045,2.72,0.1386,,91830.7,91841.08,0.0113,0.3834,0.674,2026-01-06T19:00:00+00:00,hourly,
T1767725102,2026-01-06T18:45:02.007920+00:00,OPEN,btc-hourly-2pm,NO,92000.0,0.6833333333333333,,360,0.71128,0.0279,10.06,0.0409,,91891.91,91861.83,0.0328,0.3854,0.263,2026-01-06T19:00:00+00:00,hourly,
T1767727435,2026-01-06T19:23:55.299601+00:00,OPEN,btc-hourly-3pm,NO,92000.0,0.35,,26,0.358662,0.0087,0.23,0.0247,,92107.99,92079.01,0.0315,0.3849,0.621,2026-01-06T20:00:00+00:00,hourly,
T1767723631,2026-01-06T19:24:18.497670+00:00,CLOSE,btc-hourly-2pm,YES,91500.0,0.753846,1.000000,26,0.858347,0.1045,2.72,0.1386,6.40,91830.7,91841.08,0.0113,0.3834,0.674,2026-01-06T19:00:00+00:00,hourly,close_type=WIN | PnL: +6.40
T1767725102,2026-01-06T19:25:27.968367+00:00,CLOSE,btc-hourly-2pm,NO,92000.0,0.683333,1.000000,360,0.71128,0.0279,10.06,0.0409,114.00,91891.91,91861.83,0.0328,0.3854,0.263,2026-01-06T19:00:00+00:00,hourly,close_type=WIN | PnL: +114.00
T1767728013,2026-01-06T19:33:33.750586+00:00,OPEN,btc-hourly-3pm,YES,92250.0,0.47741626794258374,,209,0.502063,0.0246,5.15,0.0516,,92251.31,92204.12,0.0512,0.3842,0.448,2026-01-06T20:00:00+00:00,hourly,
T1767727435,2026-01-06T20:06:09.697548+00:00,CLOSE,btc-hourly-3pm,NO,92000.0,0.350000,0.000000,26,0.358662,0.0087,0.23,0.0247,-9.10,92107.99,92079.01,0.0315,0.3849,0.621,2026-01-06T20:00:00+00:00,hourly,close_type=LOSS | PnL: -9.10
T1767728013,2026-01-06T20:06:31.066527+00:00,CLOSE,btc-hourly-3pm,YES,92250.0,0.477416,0.000000,209,0.502063,0.0246,5.15,0.0516,-99.78,92251.31,92204.12,0.0512,0.3842,0.448,2026-01-06T20:00:00+00:00,hourly,close_type=LOSS | PnL: -99.78
T1767730153,2026-01-06T20:09:13.232817+00:00,OPEN,btc-hourly-4pm,YES,92500.0,0.3558181818181818,,55,0.375046,0.0192,1.06,0.054,,92388.07,92389.35,0.0014,0.3839,0.86,2026-01-06T21:00:00+00:00,hourly,
T1767730153,2026-01-06T21:27:38.685696+00:00,CLOSE,btc-hourly-4pm,YES,92500.0,0.355818,0.000000,55,0.375046,0.0192,1.06,0.054,-19.57,92388.07,92389.35,0.0014,0.3839,0.86,2026-01-06T21:00:00+00:00,hourly,close_type=LOSS | PnL: -19.57
T1767734996,2026-01-06T21:29:56.047756+00:00,OPEN,btc-hourly-5pm,YES,93000.0,0.8875675675675676,,37,0.926868,0.0393,1.45,0.0443,,93420.64,93422.66,0.0022,0.4048,0.516,2026-01-06T22:00:00+00:00,hourly,
T1767738458,2026-01-06T22:27:38.881508+00:00,OPEN,btc-hourly-6pm,NO,93000.0,0.43282608695652175,,46,0.428831,-0.004,-0.18,-0.0092,,93054.73,93130.01,0.0808,0.4149,0.548,2026-01-06T23:00:00+00:00,hourly,
T1767677286,2026-01-06T22:27:57.167690+00:00,CLOSE,btc-daily,NO,94000.0,0.587647,1.000000,17,0.590311,0.0027,0.05,0.0045,7.01,93672.43,93734.12,0.0658,0.3518,16.55,2026-01-06T22:00:00+00:00,daily_5pm,close_type=WIN | PnL: +7.01
T1767677421,2026-01-06T22:28:08.054584+00:00,CLOSE,btc-daily,NO,94500.0,0.705714,1.000000,21,0.710553,0.0048,0.1,0.0069,6.18,93702.3,93702.31,0.0,0.3519,16.512,2026-01-06T22:00:00+00:00,daily_5pm,close_type=WIN | PnL: +6.18
T1767677598,2026-01-06T22:28:21.462340+00:00,CLOSE,btc-daily,NO,95500.0,0.830385,1.000000,26,0.890141,0.0598,1.55,0.072,4.41,93728.01,93728.01,0.0,0.352,16.479,2026-01-06T22:00:00+00:00,daily_5pm,close_type=WIN | PnL: +4.41
T1767734996,2026-01-06T22:28:32.024705+00:00,CLOSE,btc-hourly-5pm,YES,93000.0,0.887568,1.000000,37,0.926868,0.0393,1.45,0.0443,4.16,93420.64,93422.66,0.0022,0.4048,0.516,2026-01-06T22:00:00+00:00,hourly,close_type=WIN | PnL: +4.16
T1767738458,2026-01-07T09:46:19.206669+00:00,CLOSE,btc-hourly-6pm,NO,93000.0,0.432826,0.000000,46,0.428831,-0.004,-0.18,-0.0092,-19.91,93054.73,93130.01,0.0808,0.4149,0.548,2026-01-06T23:00:00+00:00,hourly,close_type=LOSS | PnL: -19.91
T1767780382,2026-01-07T10:06:22.809260+00:00,OPEN,btc-daily,NO,92750.0,0.7344444444444443,,27,0.765917,0.0315,0.85,0.0429,,91669.46,91552.31,0.128,0.4378,11.932,2026-01-07T22:00:00+00:00,daily_5pm,
T1767793304,2026-01-07T13:41:44.318415+00:00,OPEN,btc-hourly-9am,YES,92250.0,0.15903225806451612,,62,0.185085,0.0261,1.62,0.1638,,92029.57,92039.98,0.0113,0.4413,0.321,2026-01-07T14:00:00+00:00,hourly,
T1767793304,2026-01-07T18:10:43.911919+00:00,CLOSE,btc-hourly-9am,YES,92250.0,0.159032,0.000000,62,0.185085,0.0261,1.62,0.1638,-9.86,92029.57,92039.98,0.0113,0.4413,0.321,2026-01-07T14:00:00+00:00,hourly,close_type=LOSS | PnL: -9.86
T1767811264,2026-01-07T18:41:04.786336+00:00,OPEN,btc-hourly-2pm,NO,91000.0,0.11637951105937136,,859,0.130384,0.014,12.03,0.1203,,91260.76,91244.02,0.0183,0.4106,0.337,2026-01-07T19:00:00+00:00,hourly,
T1767811767,2026-01-07T18:49:27.589065+00:00,OPEN,btc-hourly-2pm,NO,91000.0,0.20083333333333334,,24,0.283992,0.0832,2.0,0.4141,,91099.99,91029.99,0.0769,0.4108,0.192,2026-01-07T19:00:00+00:00,hourly,
T1767812202,2026-01-07T18:56:42.783100+00:00,OPEN,btc-hourly-2pm,YES,90750.0,0.49749999999999994,,40,0.641557,0.1441,5.76,0.2896,,90787.51,90863.57,0.0837,0.4112,0.067,2026-01-07T19:00:00+00:00,hourly,
T1767811264,2026-01-07T19:17:54.112090+00:00,CLOSE,btc-hourly-2pm,NO,91000.0,0.116380,1.000000,859,0.130384,0.014,12.03,0.1203,759.03,91260.76,91244.02,0.0183,0.4106,0.337,2026-01-07T19:00:00+00:00,hourly,close_type=WIN | PnL: +759.03
T1767811767,2026-01-07T19:18:10.025961+00:00,CLOSE,btc-hourly-2pm,NO,91000.0,0.200833,1.000000,24,0.283992,0.0832,2.0,0.4141,19.18,91099.99,91029.99,0.0769,0.4108,0.192,2026-01-07T19:00:00+00:00,hourly,close_type=WIN | PnL: +19.18
T1767812202,2026-01-07T19:18:37.563200+00:00,CLOSE,btc-hourly-2pm,YES,90750.0,0.497500,1.000000,40,0.641557,0.1441,5.76,0.2896,20.10,90787.51,90863.57,0.0837,0.4112,0.067,2026-01-07T19:00:00+00:00,hourly,close_type=WIN | PnL: +20.10
T1767814334,2026-01-07T19:32:14.450766+00:00,OPEN,btc-hourly-3pm,YES,91250.0,0.12743589743589742,,39,0.127844,0.0004,0.02,0.0032,,90934.79,90730.0,0.2257,0.415,0.472,2026-01-07T20:00:00+00:00,hourly,
T1767814334,2026-01-07T20:00:28.087128+00:00,CLOSE,btc-hourly-3pm,YES,91250.0,0.127436,0.000000,39,0.127844,0.0004,0.02,0.0032,-4.97,90934.79,90730.0,0.2257,0.415,0.472,2026-01-07T20:00:00+00:00,hourly,close_type=LOSS | PnL: -4.97
T1767817360,2026-01-07T20:22:40.470503+00:00,OPEN,btc-hourly-4pm,YES,91000.0,0.3046875,,32,0.359907,0.0552,1.77,0.1812,,90885.01,90908.44,0.0258,0.4143,0.635,2026-01-07T21:00:00+00:00,hourly,
T1767817773,2026-01-07T20:29:33.059249+00:00,OPEN,btc-hourly-4pm,YES,90750.0,0.5574301675977654,,179,0.619981,0.0626,11.2,0.1122,,90840.21,90828.06,0.0134,0.4147,0.539,2026-01-07T21:00:00+00:00,hourly,
T1767817360,2026-01-07T21:02:02.108841+00:00,CLOSE,btc-hourly-4pm,YES,91000.0,0.304688,0.512500,32,0.359907,0.0552,1.77,0.1812,6.65,90885.01,90908.44,0.0258,0.4143,0.635,2026-01-07T21:00:00+00:00,hourly,close_type=CASHOUT | exit_price=0.512500 | PnL: +6.65
T1767817773,2026-01-07T21:02:40.189290+00:00,CLOSE,btc-hourly-4pm,YES,90750.0,0.557430,1.000000,179,0.619981,0.0626,11.2,0.1122,79.22,90840.21,90828.06,0.0134,0.4147,0.539,2026-01-07T21:00:00+00:00,hourly,close_type=WIN | PnL: +79.22

T1767780382,2026-01-07T22:01:27.442222+00:00,CLOSE,btc-daily,NO,92750.0,0.734444,1.000000,27,0.765917,0.0315,0.85,0.0429,7.17,91669.46,91552.31,0.128,0.4378,11.932,2026-01-07T22:00:00+00:00,daily_5pm,close_type=WIN | PnL: +7.17
T1767825334,2026-01-07T22:35:34.348487+00:00,OPEN,btc-hourly-6pm,YES,91500.0,0.06402985074626866,,67,0.074543,0.0105,0.7,0.1642,,91153.15,91147.22,0.0065,0.3797,0.421,2026-01-07T23:00:00+00:00,hourly,

T1767825334,2026-01-08T04:24:36.774545+00:00,CLOSE,btc-hourly-6pm,YES,91500.0,0.064030,0.000000,67,0.074543,0.0105,0.7,0.1642,-4.29,91153.15,91147.22,0.0065,0.3797,0.421,2026-01-07T23:00:00+00:00,hourly,close_type=LOSS | PnL: -4.29
T1767846499,2026-01-08T04:28:19.469521+00:00,OPEN,btc-hourly-12am,YES,91250.0,0.11690476190476191,,42,0.19218,0.0753,3.16,0.6439,,91018.01,91045.32,0.03,0.3718,0.543,2026-01-08T05:00:00+00:00,hourly,
T1767848988,2026-01-08T05:09:48.255896+00:00,OPEN,btc-daily,NO,91000.0,0.4936,,50,0.496106,0.0025,0.13,0.0051,,91014.51,91023.19,0.0095,0.3722,16.879,2026-01-08T22:00:00+00:00,daily_5pm,
T1767849692,2026-01-08T05:21:32.186463+00:00,OPEN,btc-daily,NO,91500.0,0.6098773006134969,,163,0.63874,0.0289,4.7,0.0473,,90974.26,90984.61,0.0114,0.372,16.679,2026-01-08T22:00:00+00:00,daily_5pm,
T1767846499,2026-01-08T05:26:12.804165+00:00,CLOSE,btc-hourly-12am,YES,91250.0,0.116905,0.000000,42,0.19218,0.0753,3.16,0.6439,-4.91,91018.01,91045.32,0.03,0.3718,0.543,2026-01-08T05:00:00+00:00,hourly,close_type=LOSS | PnL: -4.91
T1767882534,2026-01-08T14:28:54.976691+00:00,OPEN,btc-hourly-10am,YES,89250.0,0.7313235294117647,,136,0.74413,0.0128,1.74,0.0175,,89433.32,89624.4,0.2132,0.4016,0.531,2026-01-08T15:00:00+00:00,hourly,
T1767882641,2026-01-08T14:30:41.025165+00:00,OPEN,btc-hourly-10am,NO,90000.0,0.896936936936937,,111,0.957343,0.0604,6.71,0.0673,,89529.99,89624.4,0.1053,0.4016,0.503,2026-01-08T15:00:00+00:00,hourly,paper
T1767882844,2026-01-08T14:34:04.700458+00:00,OPEN,btc-hourly-10am,NO,89500.0,0.41695652173913045,,23,0.527969,0.111,2.55,0.2662,,89481.98,89455.99,0.029,0.4028,0.445,2026-01-08T15:00:00+00:00,hourly,
T1767899258,2026-01-08T19:07:38.650029+00:00,OPEN,btc-hourly-3pm,NO,91000.0,0.325,,30,0.319148,-0.0059,-0.18,-0.018,,91170.01,91170.01,0.0,0.3954,0.884,2026-01-08T20:00:00+00:00,hourly,
T1767848988,2026-01-09T05:42:01.019331+00:00,CLOSE,btc-daily,NO,91000.0,0.493600,0.000000,50,0.496106,0.0025,0.13,0.0051,-24.68,91014.51,91023.19,0.0095,0.3722,16.879,2026-01-08T22:00:00+00:00,daily_5pm,close_type=LOSS | PnL: -24.68
T1767849692,2026-01-09T05:42:57.982932+00:00,CLOSE,btc-daily,NO,91500.0,0.609877,1.000000,163,0.63874,0.0289,4.7,0.0473,63.59,90974.26,90984.61,0.0114,0.372,16.679,2026-01-08T22:00:00+00:00,daily_5pm,close_type=WIN | PnL: +63.59
T1767882534,2026-01-09T05:48:13.868141+00:00,CLOSE,btc-hourly-10am,YES,89250.0,0.731324,1.000000,136,0.74413,0.0128,1.74,0.0175,36.54,89433.32,89624.4,0.2132,0.4016,0.531,2026-01-08T15:00:00+00:00,hourly,close_type=WIN | PnL: +36.54
T1767882641,2026-01-09T05:48:46.682774+00:00,CLOSE,btc-hourly-10am,NO,90000.0,0.896937,1.000000,111,0.957343,0.0604,6.71,0.0673,11.44,89529.99,89624.4,0.1053,0.4016,0.503,2026-01-08T15:00:00+00:00,hourly,close_type=WIN | PnL: +11.44
T1767882844,2026-01-09T05:49:01.998370+00:00,CLOSE,btc-hourly-10am,NO,89500.0,0.416957,0.000000,23,0.527969,0.111,2.55,0.2662,-9.59,89481.98,89455.99,0.029,0.4028,0.445,2026-01-08T15:00:00+00:00,hourly,close_type=LOSS | PnL: -9.59
T1767899258,2026-01-09T05:49:39.179193+00:00,CLOSE,btc-hourly-3pm,NO,91000.0,0.325000,1.000000,30,0.319148,-0.0059,-0.18,-0.018,20.25,91170.01,91170.01,0.0,0.3954,0.884,2026-01-08T20:00:00+00:00,hourly,close_type=WIN | PnL: +20.25
T1767938964,2026-01-09T06:09:24.071619+00:00,OPEN,btc-daily,NO,91000.0,0.46799999999999997,,10,0.504467,0.0365,0.36,0.0779,,90983.19,90983.2,0.0,0.3878,15.863,2026-01-09T22:00:00+00:00,daily_5pm,
T1767939582,2026-01-09T06:19:42.572204+00:00,OPEN,btc-daily,NO,89500.0,0.182,,25,0.162503,-0.0195,-0.49,-0.1071,,90952.4,90958.16,0.0063,0.3866,15.687,2026-01-09T22:00:00+00:00,daily_5pm,
T1767939888,2026-01-09T06:24:48.855244+00:00,OPEN,btc-daily,NO,93000.0,0.8960538116591928,,223,0.915206,0.0192,4.27,0.0214,,90943.99,90979.71,0.0393,0.3851,15.655,2026-01-09T22:00:00+00:00,daily_5pm,
T1767987695,2026-01-09T19:41:35.125266+00:00,OPEN,btc-hourly-3pm,YES,90500.0,0.17989169675090252,,277,0.184705,0.0048,1.33,0.0268,,90295.74,90265.98,0.033,0.4129,0.326,2026-01-09T20:00:00+00:00,hourly,paper
T1768066342,2026-01-10T17:32:22.707029+00:00,OPEN,btc-hourly-1pm,NO,90500.0,0.1010126582278481,,79,0.251513,0.1505,11.89,1.4899,,90597.95,90597.95,0.0,0.2203,0.471,2026-01-10T18:00:00+00:00,hourly,
T1767938964,2026-01-10T17:40:23.016902+00:00,CLOSE,btc-daily,NO,91000.0,0.468000,1.000000,10,0.504467,0.0365,0.36,0.0779,5.32,90983.19,90983.2,0.0,0.3878,15.863,2026-01-09T22:00:00+00:00,daily_5pm,close_type=WIN | PnL: +5.32
T1767939582,2026-01-10T17:40:32.248852+00:00,CLOSE,btc-daily,NO,89500.0,0.182000,0.000000,25,0.162503,-0.0195,-0.49,-0.1071,-4.55,90952.4,90958.16,0.0063,0.3866,15.687,2026-01-09T22:00:00+00:00,daily_5pm,close_type=LOSS | PnL: -4.55
T1767939888,2026-01-10T17:40:40.496412+00:00,CLOSE,btc-daily,NO,93000.0,0.896054,1.000000,223,0.915206,0.0192,4.27,0.0214,23.18,90943.99,90979.71,0.0393,0.3851,15.655,2026-01-09T22:00:00+00:00,daily_5pm,close_type=WIN | PnL: +23.18
T1767987695,2026-01-10T17:41:11.894779+00:00,CLOSE,btc-hourly-3pm,YES,90500.0,0.179892,0.000000,277,0.184705,0.0048,1.33,0.0268,-49.83,90295.74,90265.98,0.033,0.4129,0.326,2026-01-09T20:00:00+00:00,hourly,close_type=LOSS | PnL: -49.83
T1768066342,2026-01-10T18:00:30.920465+00:00,CLOSE,btc-hourly-1pm,NO,90500.0,0.101013,1.000000,79,0.251513,0.1505,11.89,1.4899,71.02,90597.95,90597.95,0.0,0.2203,0.471,2026-01-10T18:00:00+00:00,hourly,close_type=WIN | PnL: +71.02
T1768068442,2026-01-10T18:07:22.846018+00:00,OPEN,btc-hourly-2pm,YES,90500.0,0.2837142857142857,,35,0.38903,0.1053,3.69,0.3712,,90445.01,90445.01,0.0,0.2137,0.893,2026-01-10T19:00:00+00:00,hourly,
T1768068539,2026-01-10T18:08:59.460503+00:00,OPEN,btc-hourly-2pm,NO,90250.0,0.07676923076923077,,65,0.193515,0.1167,7.59,1.5207,,90414.85,90420.01,0.0057,0.2134,0.857,2026-01-10T19:00:00+00:00,hourly,
T1768076660,2026-01-10T20:24:20.659473+00:00,OPEN,btc-hourly-4pm,NO,90500.0,0.3864,,25,0.438997,0.0526,1.31,0.1361,,90517.85,90518.6,0.0008,0.1547,0.605,2026-01-10T21:00:00+00:00,hourly,
T1768076660,2026-01-11T03:36:42.856674+00:00,CLOSE,btc-hourly-4pm,NO,90500.0,0.386400,1.000000,25,0.438997,0.0526,1.31,0.1361,15.34,90517.85,90518.6,0.0008,0.1547,0.605,2026-01-10T21:00:00+00:00,hourly,close_type=WIN | PnL: +15.34
T1768068539,2026-01-11T03:37:46.259789+00:00,CLOSE,btc-hourly-2pm,NO,90250.0,0.076769,0.000000,65,0.193515,0.1167,7.59,1.5207,-4.99,90414.85,90420.01,0.0057,0.2134,0.857,2026-01-10T19:00:00+00:00,hourly,close_type=LOSS | PnL: -4.99
T1768068442,2026-01-11T03:37:55.371521+00:00,CLOSE,btc-hourly-2pm,YES,90500.0,0.283714,0.000000,35,0.38903,0.1053,3.69,0.3712,-9.93,90445.01,90445.01,0.0,0.2137,0.893,2026-01-10T19:00:00+00:00,hourly,close_type=LOSS | PnL: -9.93
T1768107957,2026-01-11T05:05:57.589015+00:00,OPEN,btc-daily,NO,91000.0,0.6496666666666666,,30,0.786552,0.1369,4.11,0.2107,,90659.7,90659.07,0.0007,0.1073,16.923,2026-01-11T22:00:00+00:00,daily_5pm,
T1768108127,2026-01-11T05:08:47.672101+00:00,OPEN,btc-daily,YES,90000.0,0.8335593220338983,,59,0.942257,0.1087,6.41,0.1304,,90667.07,90666.17,0.001,0.1069,16.888,2026-01-11T22:00:00+00:00,daily_5pm,
T1768187236,2026-01-12T03:07:16.602042+00:00,OPEN,btc-hourly-11pm,YES,92000.0,0.6563333333333333,,30,0.734053,0.0777,2.33,0.1184,,92140.15,92124.44,0.0171,0.2413,0.893,2026-01-12T04:00:00+00:00,hourly,
T1768107957,2026-01-12T03:12:21.489736+00:00,CLOSE,btc-daily,NO,91000.0,0.649667,1.000000,30,0.786552,0.1369,4.11,0.2107,10.51,90659.7,90659.07,0.0007,0.1073,16.923,2026-01-11T22:00:00+00:00,daily_5pm,close_type=WIN | PnL: +10.51
T1768108127,2026-01-12T03:12:33.517282+00:00,CLOSE,btc-daily,YES,90000.0,0.833559,1.000000,59,0.942257,0.1087,6.41,0.1304,9.82,90667.07,90666.17,0.001,0.1069,16.888,2026-01-11T22:00:00+00:00,daily_5pm,close_type=WIN | PnL: +9.82
T1768277635,2026-01-13T04:13:55.072525+00:00,OPEN,btc-hourly-12am,YES,91750.0,0.05,,55,0.097706,0.0477,2.62,0.9541,,91345.04,91346.01,0.0011,0.3617,0.782,2026-01-13T05:00:00+00:00,hourly,
T1768187236,2026-01-13T04:23:07.820679+00:00,CLOSE,btc-hourly-11pm,YES,92000.0,0.656333,0.000000,30,0.734053,0.0777,2.33,0.1184,-19.69,92140.15,92124.44,0.0171,0.2413,0.893,2026-01-12T04:00:00+00:00,hourly,close_type=LOSS | PnL: -19.69
T1768279127,2026-01-13T04:38:47.632359+00:00,OPEN,btc-hourly-12am,NO,91250.0,0.40536585365853656,,246,0.462359,0.057,14.02,0.1406,,91270.01,91270.02,0.0,0.3609,0.363,2026-01-13T05:00:00+00:00,hourly,
T1768279773,2026-01-13T04:49:33.665141+00:00,OPEN,btc-hourly-12am,NO,91250.0,0.4371111111111112,,45,0.524858,0.0877,3.95,0.2007,,91240.6,91240.6,0.0,0.3604,0.184,2026-01-13T05:00:00+00:00,hourly,
T1768277635,2026-01-13T05:01:05.274442+00:00,CLOSE,btc-hourly-12am,YES,91750.0,0.050000,0.000000,55,0.097706,0.0477,2.62,0.9541,-2.75,91345.04,91346.01,0.0011,0.3617,0.782,2026-01-13T05:00:00+00:00,hourly,close_type=LOSS | PnL: -2.75
T1768279127,2026-01-13T05:01:19.659165+00:00,CLOSE,btc-hourly-12am,NO,91250.0,0.405366,0.000000,246,0.462359,0.057,14.02,0.1406,-99.72,91270.01,91270.02,0.0,0.3609,0.363,2026-01-13T05:00:00+00:00,hourly,close_type=LOSS | PnL: -99.72
T1768279773,2026-01-13T05:01:29.621266+00:00,CLOSE,btc-hourly-12am,NO,91250.0,0.437111,0.000000,45,0.524858,0.0877,3.95,0.2007,-19.67,91240.6,91240.6,0.0,0.3604,0.184,2026-01-13T05:00:00+00:00,hourly,close_type=LOSS | PnL: -19.67
T1768314079,2026-01-13T14:21:19.881039+00:00,OPEN,btc-hourly-10am,NO,92250.0,0.6857142857142857,,7,0.766701,0.081,0.57,0.1181,,92032.01,92071.59,0.043,0.3752,0.658,2026-01-13T15:00:00+00:00,hourly,
T1768314172,2026-01-13T14:22:52.975363+00:00,OPEN,btc-hourly-10am,NO,92500.0,0.81125,,16,0.927585,0.1163,1.86,0.1434,,92069.6,92071.59,0.0022,0.3752,0.637,2026-01-13T15:00:00+00:00,hourly,
T1768314079,2026-01-13T15:07:08.657786+00:00,CLOSE,btc-hourly-10am,NO,92250.0,0.685714,0.000000,7,0.766701,0.081,0.57,0.1181,-4.80,92032.01,92071.59,0.043,0.3752,0.658,2026-01-13T15:00:00+00:00,hourly,close_type=LOSS | PnL: -4.80
T1768314172,2026-01-13T15:07:18.306924+00:00,CLOSE,btc-hourly-10am,NO,92500.0,0.811250,1.000000,16,0.927585,0.1163,1.86,0.1434,3.02,92069.6,92071.59,0.0022,0.3752,0.637,2026-01-13T15:00:00+00:00,hourly,close_type=WIN | PnL: +3.02
T1768316986,2026-01-13T15:09:46.512050+00:00,OPEN,btc-hourly-11am,NO,92750.0,0.7654615384615385,,130,0.831898,0.0664,8.64,0.0868,,92428.04,92415.97,0.0131,0.3669,0.851,2026-01-13T16:00:00+00:00,hourly,
T1768317300,2026-01-13T15:15:00.660695+00:00,OPEN,btc-hourly-11am,YES,92000.0,0.8352631578947368,,19,0.943482,0.1082,2.06,0.1296,,92503.65,92501.06,0.0028,0.3689,0.765,2026-01-13T16:00:00+00:00,hourly,
T1768321230,2026-01-13T16:20:30.443146+00:00,OPEN,btc-hourly-12pm,NO,93250.0,0.5278947368421052,,19,0.648236,0.1203,2.29,0.228,,93131.37,93143.99,0.0135,0.382,0.672,2026-01-13T17:00:00+00:00,hourly,
T1768321388,2026-01-13T16:23:08.041556+00:00,OPEN,btc-hourly-12pm,YES,93250.0,0.5676470588235294,,17,0.683497,0.1159,1.97,0.2041,,93394.32,93426.05,0.034,0.3839,0.624,2026-01-13T17:00:00+00:00,hourly,
T1768324442,2026-01-13T17:14:02.736135+00:00,OPEN,btc-hourly-1pm,YES,93250.0,0.5477777777777777,,18,0.562989,0.0152,0.27,0.0278,,93303.58,93311.84,0.0089,0.384,0.78,2026-01-13T18:00:00+00:00,hourly,
T1768329859,2026-01-13T18:44:19.684017+00:00,OPEN,btc-hourly-2pm,YES,93750.0,0.1484848484848485,,33,0.194388,0.0459,1.51,0.3091,,93579.28,93556.0,0.0249,0.374,0.28,2026-01-13T19:00:00+00:00,hourly,
T1768363439,2026-01-14T04:03:59.795509+00:00,OPEN,btc-hourly-12am,YES,95750.0,0.325,,30,0.391789,0.0668,2.0,0.2055,,95609.16,95708.52,0.1038,0.5166,0.943,2026-01-14T05:00:00+00:00,hourly,
T1768363609,2026-01-14T04:06:49.278998+00:00,OPEN,btc-hourly-12am,NO,95000.0,0.03582733812949641,,139,0.136231,0.1004,13.96,2.8024,,95545.16,95564.0,0.0197,0.5167,0.893,2026-01-14T05:00:00+00:00,hourly,
T1768364341,2026-01-14T04:19:01.448407+00:00,OPEN,btc-hourly-12am,YES,96000.0,0.05333333333333333,,93,0.117661,0.0643,5.98,1.2061,,95476.68,95461.44,0.016,0.5173,0.695,2026-01-14T05:00:00+00:00,hourly,
T1768847699,2026-01-19T18:34:59.543224+00:00,OPEN,btc-hourly-2pm,NO,92750.0,0.18839622641509432,,106,0.310921,0.1225,12.99,0.6504,,92877.82,92936.04,0.0627,0.3904,0.448,2026-01-19T19:00:00+00:00,hourly,
T1768847953,2026-01-19T18:39:13.320519+00:00,OPEN,btc-hourly-2pm,NO,93000.0,0.5848823529411765,,170,0.631995,0.0471,8.01,0.0806,,92920.01,92929.27,0.01,0.3905,0.374,2026-01-19T19:00:00+00:00,hourly,
T1768848176,2026-01-19T18:42:56.821266+00:00,OPEN,btc-hourly-2pm,4.99,93250.0,1.0,,78,0.885391,-0.1146,-8.94,-0.1146,,92986.01,92985.54,0.0005,0.3907,0.319,2026-01-19T19:00:00+00:00,hourly,
T1768851260,2026-01-19T19:34:20.102258+00:00,OPEN,btc-hourly-3pm,YES,93250.0,0.05333333333333333,,93,0.16672,0.1134,10.54,2.126,,92998.86,92998.17,0.0007,0.3908,0.446,2026-01-19T20:00:00+00:00,hourly,
T1768316986,2026-01-21T06:48:33.895898+00:00,CLOSE,btc-hourly-11am,NO,92750.0,0.765462,0.000000,130,0.831898,0.0664,8.64,0.0868,-99.51,92428.04,92415.97,0.0131,0.3669,0.851,2026-01-13T16:00:00+00:00,hourly,close_type=LOSS | PnL: -99.51
T1768317300,2026-01-21T06:49:11.988703+00:00,CLOSE,btc-hourly-11am,YES,92000.0,0.835263,1.000000,19,0.943482,0.1082,2.06,0.1296,3.13,92503.65,92501.06,0.0028,0.3689,0.765,2026-01-13T16:00:00+00:00,hourly,close_type=WIN | PnL: +3.13
T1768321230,2026-01-21T06:51:05.756553+00:00,CLOSE,btc-hourly-12pm,NO,93250.0,0.527895,1.000000,19,0.648236,0.1203,2.29,0.228,8.97,93131.37,93143.99,0.0135,0.382,0.672,2026-01-13T17:00:00+00:00,hourly,close_type=WIN | PnL: +8.97
T1768324442,2026-01-21T06:51:30.022024+00:00,CLOSE,btc-hourly-1pm,YES,93250.0,0.547778,1.000000,18,0.562989,0.0152,0.27,0.0278,8.14,93303.58,93311.84,0.0089,0.384,0.78,2026-01-13T18:00:00+00:00,hourly,close_type=WIN | PnL: +8.14
T1768329859,2026-01-21T06:52:14.431044+00:00,CLOSE,btc-hourly-2pm,YES,93750.0,0.148485,1.000000,33,0.194388,0.0459,1.51,0.3091,28.10,93579.28,93556.0,0.0249,0.374,0.28,2026-01-13T19:00:00+00:00,hourly,close_type=WIN | PnL: +28.10
T1768321388,2026-01-21T06:53:02.121339+00:00,CLOSE,btc-hourly-12pm,YES,93250.0,0.567647,1.000000,17,0.683497,0.1159,1.97,0.2041,7.35,93394.32,93426.05,0.034,0.3839,0.624,2026-01-13T17:00:00+00:00,hourly,close_type=WIN | PnL: +7.35
T1768363439,2026-01-21T06:54:12.608129+00:00,CLOSE,btc-hourly-12am,YES,95750.0,0.325000,0.000000,30,0.391789,0.0668,2.0,0.2055,-9.75,95609.16,95708.52,0.1038,0.5166,0.943,2026-01-14T05:00:00+00:00,hourly,close_type=LOSS | PnL: -9.75
T1768363609,2026-01-21T06:54:38.562498+00:00,CLOSE,btc-hourly-12am,NO,95000.0,0.035827,0.000000,139,0.136231,0.1004,13.96,2.8024,-4.98,95545.16,95564.0,0.0197,0.5167,0.893,2026-01-14T05:00:00+00:00,hourly,close_type=LOSS | PnL: -4.98
T1768364341,2026-01-21T06:55:51.727881+00:00,CLOSE,btc-hourly-12am,YES,96000.0,0.053333,0.000000,93,0.117661,0.0643,5.98,1.2061,-4.96,95476.68,95461.44,0.016,0.5173,0.695,2026-01-14T05:00:00+00:00,hourly,close_type=LOSS | PnL: -4.96
T1768847699,2026-01-21T06:56:36.756060+00:00,CLOSE,btc-hourly-2pm,NO,92750.0,0.188396,0.000000,106,0.310921,0.1225,12.99,0.6504,-19.97,92877.82,92936.04,0.0627,0.3904,0.448,2026-01-19T19:00:00+00:00,hourly,close_type=LOSS | PnL: -19.97
T1768847953,2026-01-21T06:56:52.185452+00:00,CLOSE,btc-hourly-2pm,NO,93000.0,0.584882,0.000000,170,0.631995,0.0471,8.01,0.0806,-99.43,92920.01,92929.27,0.01,0.3905,0.374,2026-01-19T19:00:00+00:00,hourly,close_type=LOSS | PnL: -99.43
T1768848176,2026-01-21T06:57:32.205778+00:00,CLOSE,btc-hourly-2pm,4.99,93250.0,1.000000,0.000000,78,0.885391,-0.1146,-8.94,-0.1146,-78.00,92986.01,92985.54,0.0005,0.3907,0.319,2026-01-19T19:00:00+00:00,hourly,close_type=LOSS | PnL: -78.00
T1768851260,2026-01-21T07:00:03.203236+00:00,CLOSE,btc-hourly-3pm,YES,93250.0,0.053333,1.000000,93,0.16672,0.1134,10.54,2.126,88.04,92998.86,92998.17,0.0007,0.3908,0.446,2026-01-19T20:00:00+00:00,hourly,close_type=WIN | PnL: +88.04
T1768979247,2026-01-21T07:07:27.872025+00:00,OPEN,btc-hourly-3am,NO,89500.0,0.27520661157024795,,363,0.404278,0.1291,46.85,0.469,,89606.76,89624.8,0.0201,0.4832,0.909,2026-01-21T08:00:00+00:00,hourly,paper
T1768979941,2026-01-21T07:19:01.980471+00:00,OPEN,btc-hourly,YES,90000.0,0.07142857142857142,,14,0.91886,0.8474,11.86,11.864,,89461.88,89453.87,0.009,0.4819,0.695,2026-01-21T08:00:00+00:00,hourly,
T1768980095,2026-01-21T07:21:35.017517+00:00,OPEN,btc-hourly-3am,NO,89500.0,0.42702702702702705,,37,0.503236,0.0762,2.82,0.1785,,89496.96,89496.96,0.0,0.482,0.664,2026-01-21T08:00:00+00:00,hourly,
T1768979941,2026-01-21T08:07:26.384950+00:00,CLOSE,btc-hourly,YES,90000.0,0.071429,0.000000,14,0.91886,0.8474,11.86,11.864,-1.00,89461.88,89453.87,0.009,0.4819,0.695,2026-01-21T08:00:00+00:00,hourly,close_type=LOSS | PnL: -1.00
T1768979247,2026-01-21T08:07:45.000427+00:00,CLOSE,btc-hourly-3am,NO,89500.0,0.275207,1.000000,363,0.404278,0.1291,46.85,0.469,263.10,89606.76,89624.8,0.0201,0.4832,0.909,2026-01-21T08:00:00+00:00,hourly,close_type=WIN | PnL: +263.10
T1768980095,2026-01-21T08:08:02.667324+00:00,CLOSE,btc-hourly-3am,NO,89500.0,0.427027,1.000000,37,0.503236,0.0762,2.82,0.1785,21.20,89496.96,89496.96,0.0,0.482,0.664,2026-01-21T08:00:00+00:00,hourly,close_type=WIN | PnL: +21.20
